,Recall@1,Recall@5,Recall@10
BM25,0.10924089261872974,0.16488651535380508,0.1985027655922182
E5,0.06761396147243945,0.12550066755674233,0.1547777989700553
SPECTER,0.03957657829486935,0.08225252717909594,0.11186343696357047
