{
  "bm25": {
    "R@5": 0.1,
    "R@10": 0.1,
    "R@20": 0.1,
    "MRR": 0.05,
    "R@5_std": 0.30000000000000004,
    "R@10_std": 0.30000000000000004,
    "R@20_std": 0.30000000000000004,
    "MRR_std": 0.15000000000000002
  },
  "e5": {
    "R@5": 0.1,
    "R@10": 0.15,
    "R@20": 0.1625,
    "MRR": 0.06909090909090909,
    "R@5_std": 0.30000000000000004,
    "R@10_std": 0.32015621187164245,
    "R@20_std": 0.3164747225293041,
    "MRR_std": 0.14850216349260192
  },
  "specter": {
    "R@5": 0.0,
    "R@10": 0.1,
    "R@20": 0.1,
    "MRR": 0.014285714285714285,
    "R@5_std": 0.0,
    "R@10_std": 0.30000000000000004,
    "R@20_std": 0.30000000000000004,
    "MRR_std": 0.04285714285714285
  }
}