,R@5,R@10,R@20,MRR,R@5_std,R@10_std,R@20_std,MRR_std
bm25,0.1,0.1,0.1,0.05,0.30000000000000004,0.30000000000000004,0.30000000000000004,0.15000000000000002
e5,0.1,0.15,0.1625,0.06909090909090909,0.30000000000000004,0.32015621187164245,0.3164747225293041,0.14850216349260192
specter,0.0,0.1,0.1,0.014285714285714285,0.0,0.30000000000000004,0.30000000000000004,0.04285714285714285
