{
  "query": "Introduction Over the past decade, deep learning has made tremendous progress in multiple fields, especially in vision<|cite_0|> and natural language processing<|cite_1|>. However, several important issues remain unsolved, including the ability to generalize well to novel, out-of-distribution data<|cite_2|>. A particularly challenging situation involves simultaneous changes at test time in both the",
  "paper_id": "2110.06990",
  "retrieved_ids": [
    "zhang2017",
    "2021arXiv210302667A",
    "li2022data",
    "liang2023comprehensive",
    "sun2020test",
    "survey3",
    "ye-et-al:scheme",
    "zhou2021review",
    "yang2022openood",
    "krueger2021out",
    "domain_confusion",
    "sun2019optimization",
    "tan2018survey",
    "menghani2021efficient",
    "zhou-et-al:scheme",
    "farahani2021brief",
    "chen2022bootstrap",
    "poursaeed2021robustness",
    "ben2019demystifying",
    "jin2023time",
    "limitations",
    "r2r",
    "zenke2017continual",
    "song2023comprehensive",
    "chen2022semi",
    "wang2021knowledge",
    "jiang2017mentornet",
    "2020Learning",
    "white2023neural",
    "redko2020survey",
    "chen2018fastgcn",
    "xie2021neural",
    "nuriel2022textadain",
    "cui2022democratizing",
    "Han2020ASO",
    "2020arXiv200708558D",
    "zhang2023slca",
    "deletang2023neural",
    "biggio_2018",
    "clipforge",
    "hou2022batch",
    "mazzia2023survey",
    "Schiappa-ACM-2023",
    "cherti2023reproducible",
    "cao2021open",
    "pang2021image",
    "jakubovitz2018improving",
    "liu2022swin",
    "blalock2020state",
    "pan2020dynamic",
    "campari",
    "lu2023synthetic",
    "chen2020lottery",
    "chen-et-al:scheme"
  ],
  "relevant_ids": [
    "2013arXiv1312.6114K",
    "2021arXiv210300020R",
    "2018arXiv181103259Z",
    "2017arXiv171200409H",
    "2020arXiv201014701H",
    "2020arXiv200301200T",
    "Goodfellow-et-al-2016",
    "2017arXiv170603762V",
    "2021arXiv210305247L",
    "2020arXiv200708558D",
    "2017arXiv170305175S",
    "2020arXiv200514165B",
    "2021arXiv210302667A",
    "2016arXiv160604080V",
    "2021arXiv210201293H",
    "2021arXiv210212092R",
    "alam2020survey",
    "2014arXiv1406.2661G",
    "2020arXiv200108361K"
  ],
  "metrics": {
    "R@5": 0.05263157894736842,
    "R@10": 0.05263157894736842,
    "R@20": 0.05263157894736842,
    "MRR": 0.5,
    "hits": 2,
    "total_relevant": 19
  },
  "score": 0.1868421052631579,
  "timestamp": "2025-12-18T10:56:50.878351"
}