{
  "bm25": {
    "R@5": 0.16166666666666665,
    "R@10": 0.18166666666666664,
    "R@20": 0.27166666666666667,
    "MRR": 0.10502048768225239,
    "R@5_std": 0.3497657946556683,
    "R@10_std": 0.3680617399899702,
    "R@20_std": 0.4238743262388563,
    "MRR_std": 0.22796221342377157
  },
  "e5": {
    "R@5": 0.09166666666666667,
    "R@10": 0.14166666666666666,
    "R@20": 0.19416666666666665,
    "MRR": 0.07930020796197267,
    "R@5_std": 0.2739880370462266,
    "R@10_std": 0.3292457710856402,
    "R@20_std": 0.36889568685168683,
    "MRR_std": 0.1927293960894222
  },
  "specter": {
    "R@5": 0.11333333333333333,
    "R@10": 0.18333333333333332,
    "R@20": 0.22333333333333333,
    "MRR": 0.1078015873015873,
    "R@5_std": 0.3026549190084311,
    "R@10_std": 0.36855573979159967,
    "R@20_std": 0.3994579660823735,
    "MRR_std": 0.25704296523895764
  },
  "full_system": {
    "R@5": 0.11166666666666666,
    "R@10": 0.19666666666666666,
    "R@20": 0.295,
    "MRR": 0.11406838656381614,
    "R@5_std": 0.30166666666666664,
    "R@10_std": 0.3854146396343092,
    "R@20_std": 0.43115155881275286,
    "MRR_std": 0.24320293367453374
  }
}