{
  "model": "bm25_demo",
  "timestamp": "20251104_145735",
  "metrics": {
    "recall@1": 0.18,
    "recall@5": 0.46,
    "recall@10": 0.74,
    "recall@20": 0.9,
    "precision@1": 0.18,
    "precision@5": 0.092,
    "precision@10": 0.074,
    "mrr": 0.3243,
    "exact_match_rate": 0.18,
    "avg_rank": 6.22,
    "num_queries": 50
  },
  "avg_latency_ms": 5.58957576751709,
  "total_time_sec": 0.2794787883758545,
  "num_queries": 50
}