{
  "model": "citeagent_demo",
  "timestamp": "20251110_175038",
  "metrics": {
    "recall@1": 0.12,
    "recall@5": 0.34,
    "recall@10": 0.4,
    "recall@20": 0.64,
    "precision@1": 0.12,
    "precision@5": 0.068,
    "precision@10": 0.04,
    "mrr": 0.2282,
    "exact_match_rate": 0.12,
    "avg_rank": 8.06,
    "num_queries": 50
  },
  "avg_latency_ms": 9.11928653717041,
  "total_time_sec": 0.4559643268585205,
  "num_queries": 50
}