Method,R@5,R@10,R@20,MRR
BM25,0.1,0.1,0.1,0.05
BM25 + LLM RERANKER,0.1,0.1,0.1,0.05
E5,0.1,0.15,0.1625,0.06909090909090909
E5 + LLM RERANKER,0.1,0.15,0.1625,0.06909090909090909
SPECTER,0.0125,0.0125,0.0125,0.02
SPECTER + LLM RERANKER,0.0125,0.0125,0.0125,0.05
